id,first_name,last_name,email,gender,ip_address
1,Natasha,Caen,ncaen0@ameblo.jp,Female,194.231.194.62
2,Kerrill,Baxendale,kbaxendale1@chron.com,Genderqueer,246.14.22.215
3,Obadiah,Dark,odark2@telegraph.co.uk,Non-binary,16.110.204.111
4,Bibi,Mordecai,bmordecai3@freewebs.com,Female,106.72.228.100
5,Ambrosi,Lempertz,alempertz4@w3.org,Male,86.216.216.186
6,Lilyan,Tolchar,ltolchar5@nymag.com,Female,149.70.50.126
7,Ashlan,Frango,afrango6@accuweather.com,Female,4.205.195.138
8,Madelin,Humphery,mhumphery7@vistaprint.com,Female,26.65.124.209
9,Arel,Gammack,agammack8@storify.com,Male,9.115.225.51
10,Al,Aspole,aaspole9@cnn.com,Male,245.5.137.120
11,Arabela,Mellers,amellersa@loc.gov,Female,123.204.74.33
12,Joell,Silvers,jsilversb@woothemes.com,Female,151.58.39.179
13,Hadria,MacNeilly,hmacneillyc@si.edu,Female,104.136.228.148
14,Michele,Munnion,mmunniond@ucoz.com,Female,206.169.60.216
15,Marga,Happel,mhappele@bandcamp.com,Female,44.17.13.82
16,Rory,Earney,rearneyf@accuweather.com,Female,142.21.124.144
17,Maure,Derdes,mderdesg@apple.com,Genderfluid,78.154.123.219
18,Haily,Wicklen,hwicklenh@cbc.ca,Non-binary,195.75.102.161
19,Kenn,Burry,kburryi@edublogs.org,Male,98.240.24.199
20,Rheta,Gelletly,rgelletlyj@usda.gov,Female,149.118.40.228
21,Etheline,Tapscott,etapscottk@opensource.org,Female,231.215.233.36
22,Jock,Hallifax,jhallifaxl@quantcast.com,Male,170.197.18.52
23,Arly,Muggach,amuggachm@vistaprint.com,Female,103.32.139.13
24,Bernadene,Martinuzzi,bmartinuzzin@fotki.com,Female,109.147.36.28
25,Mendie,Barltrop,mbarltropo@histats.com,Male,65.127.61.36
26,Davidde,Yeatman,dyeatmanp@de.vu,Male,123.107.17.221
27,Vilma,Rennix,vrennixq@seattletimes.com,Female,175.89.65.218
28,Krishna,Tomblett,ktomblettr@springer.com,Male,10.47.55.34
29,Roland,Ind,rinds@slideshare.net,Male,164.49.246.120
30,Ceil,Fassmann,cfassmannt@fema.gov,Female,152.70.61.90
31,Kienan,Newgrosh,knewgroshu@netlog.com,Male,121.92.54.118
32,Casey,Curnick,ccurnickv@hhs.gov,Female,68.103.114.23
33,Gennie,Rainsdon,grainsdonw@dedecms.com,Female,55.32.98.170
34,Tadd,Routham,trouthamx@github.io,Male,9.95.88.22
35,Barn,Hampshaw,bhampshawy@elegantthemes.com,Male,37.48.183.16
36,Gardie,Lepope,glepopez@infoseek.co.jp,Male,28.58.106.83
37,Kip,Mosley,kmosley10@google.pl,Male,250.252.250.255
38,Hobard,Maddicks,hmaddicks11@lycos.com,Male,27.52.237.210
39,Rolland,Broomer,rbroomer12@nsw.gov.au,Male,150.149.240.250
40,Eugine,Frango,efrango13@myspace.com,Female,204.244.125.233
41,Yul,Stag,ystag14@alibaba.com,Male,45.69.169.17
42,Phineas,Marusyak,pmarusyak15@issuu.com,Male,109.171.242.231
43,Aila,Western,awestern16@purevolume.com,Female,59.125.83.163
44,Guntar,Earwaker,gearwaker17@netscape.com,Male,192.53.104.173
45,Micheal,Deverell,mdeverell18@webnode.com,Male,165.37.74.66
46,Salomo,Dirr,sdirr19@privacy.gov.au,Male,31.179.176.87
47,Karrie,Search,ksearch1a@example.com,Female,91.210.44.23
48,Jerald,Firbanks,jfirbanks1b@samsung.com,Male,186.110.99.131
49,Nancey,Stubbings,nstubbings1c@va.gov,Genderqueer,60.81.62.178
50,Wynn,Capon,wcapon1d@soundcloud.com,Male,14.121.192.196
51,Bonni,Gossart,bgossart1e@google.nl,Female,164.132.147.111
52,Kellia,Degoey,kdegoey1f@forbes.com,Female,174.180.14.71
53,Rip,Rutherfoord,rrutherfoord1g@wiley.com,Male,218.114.43.221
54,Estel,Midlar,emidlar1h@hatena.ne.jp,Female,52.213.125.12
55,Natal,Franies,nfranies1i@ask.com,Male,227.13.96.235
56,Lamar,Woolmer,lwoolmer1j@gnu.org,Male,73.96.135.183
57,Melly,Mattisssen,mmattisssen1k@imgur.com,Non-binary,62.245.148.2
58,Omero,Barette,obarette1l@earthlink.net,Male,201.232.3.157
59,Felike,Rowcliffe,frowcliffe1m@exblog.jp,Male,227.121.226.61
60,Bobbee,Buchett,bbuchett1n@senate.gov,Female,189.23.43.74
61,Cornelius,Winn,cwinn1o@skyrock.com,Male,119.110.252.193
62,Gilberto,Sanbroke,gsanbroke1p@princeton.edu,Male,84.85.38.84
63,Klemens,Galler,kgaller1q@gravatar.com,Male,99.183.176.97
64,Margy,Ceschini,mceschini1r@odnoklassniki.ru,Bigender,132.24.13.114
65,Tommi,Arsey,tarsey1s@wikia.com,Female,77.118.232.103
66,Jud,Agney,jagney1t@tripod.com,Male,121.146.156.204
67,Kendre,Look,klook1u@timesonline.co.uk,Female,68.175.182.169
68,Tammie,Anchor,tanchor1v@nationalgeographic.com,Male,126.59.87.112
69,Lynnea,Whiley,lwhiley1w@jimdo.com,Female,112.41.99.84
70,Madlin,Kilrow,mkilrow1x@oaic.gov.au,Female,109.204.217.17
71,Cary,Blatherwick,cblatherwick1y@bravesites.com,Non-binary,159.245.223.93
72,Marthena,Winkworth,mwinkworth1z@nationalgeographic.com,Agender,214.139.181.88
73,Gavin,Rodliff,grodliff20@nifty.com,Male,85.108.61.143
74,Currie,Doyland,cdoyland21@senate.gov,Male,205.148.204.221
75,Lamar,Zaple,lzaple22@nps.gov,Male,139.37.152.103
76,Cristine,Jennaroy,cjennaroy23@wsj.com,Female,201.98.72.9
77,Fionnula,Bole,fbole24@w3.org,Female,46.213.245.9
78,Manon,Vonderdell,mvonderdell25@php.net,Female,239.67.159.253
79,Benita,Mound,bmound26@netlog.com,Non-binary,144.98.44.37
80,Liliane,Coen,lcoen27@dot.gov,Agender,82.77.117.237
81,Brooks,Zincke,bzincke28@home.pl,Male,167.157.112.239
82,Jameson,Bartak,jbartak29@ed.gov,Male,157.55.234.110
83,Kamila,Kezourec,kkezourec2a@illinois.edu,Female,174.20.155.248
84,Marjorie,Pretsell,mpretsell2b@nbcnews.com,Female,95.114.3.204
85,Erna,Brandone,ebrandone2c@oakley.com,Female,243.211.15.3
86,Von,Nassey,vnassey2d@wiley.com,Male,65.205.241.163
87,Flore,Cicchetto,fcicchetto2e@networksolutions.com,Female,176.56.160.206
88,Jeth,Keach,jkeach2f@amazon.de,Male,1.71.229.224
89,Simone,Gourley,sgourley2g@odnoklassniki.ru,Male,180.108.137.210
90,Kalvin,Carlet,kcarlet2h@4shared.com,Male,164.154.50.13
91,Annabella,Dantesia,adantesia2i@1und1.de,Female,79.238.214.166
92,Dud,Kohnemann,dkohnemann2j@slashdot.org,Male,213.234.56.38
93,Garv,Scoullar,gscoullar2k@feedburner.com,Male,138.155.27.255
94,Wes,Arblaster,warblaster2l@dagondesign.com,Male,111.215.197.31
95,Derrick,Fleg,dfleg2m@tripadvisor.com,Male,176.117.130.63
96,Koral,Vondra,kvondra2n@forbes.com,Female,234.141.199.255
97,Jorry,Driuzzi,jdriuzzi2o@loc.gov,Female,6.100.160.60
98,Nana,Fidelli,nfidelli2p@nytimes.com,Female,138.148.241.190
99,Cinda,Moffatt,cmoffatt2q@kickstarter.com,Female,114.182.231.88
100,Damara,Barizeret,dbarizeret2r@etsy.com,Female,248.197.156.224
101,Elberta,Lingner,elingner2s@de.vu,Polygender,136.120.198.97
102,Innis,Daskiewicz,idaskiewicz2t@bbc.co.uk,Male,46.226.189.186
103,Ophelie,Rodders,orodders2u@home.pl,Female,196.0.178.131
104,Electra,Pendrid,ependrid2v@ihg.com,Female,151.131.29.54
105,Vinny,Shutt,vshutt2w@webs.com,Male,216.43.229.83
106,Ethelyn,McGrann,emcgrann2x@joomla.org,Female,171.48.252.187
107,Lucky,Blazewski,lblazewski2y@twitpic.com,Female,171.122.126.212
108,Moritz,Tarling,mtarling2z@aboutads.info,Male,139.58.221.242
109,Mimi,Leslie,mleslie30@dropbox.com,Female,220.23.3.59
110,Trent,Winfield,twinfield31@businessinsider.com,Male,186.87.243.55
111,Mallory,Hinkley,mhinkley32@live.com,Male,165.29.222.134
112,Kirstin,Martins,kmartins33@bluehost.com,Female,212.36.212.55
113,Twila,Hatchman,thatchman34@apple.com,Female,214.228.151.41
114,Edee,Bambrick,ebambrick35@sohu.com,Female,245.109.40.206
115,Hadrian,Lorenzetti,hlorenzetti36@github.io,Agender,81.164.130.110
116,Basilius,Parnham,bparnham37@studiopress.com,Genderqueer,148.56.239.20
117,Fidelity,Kerins,fkerins38@yandex.ru,Female,139.238.55.37
118,Gayelord,Terbeek,gterbeek39@statcounter.com,Male,86.248.137.121
119,Bartolemo,Shewry,bshewry3a@buzzfeed.com,Male,65.152.203.18
120,Yoko,Palliser,ypalliser3b@paginegialle.it,Genderfluid,150.59.176.154
121,Ardyth,Sherbrooke,asherbrooke3c@yahoo.co.jp,Female,34.86.58.158
122,Mirabella,Abrahamowitcz,mabrahamowitcz3d@wikimedia.org,Female,174.76.153.246
123,Mickey,Mocher,mmocher3e@unc.edu,Bigender,238.230.220.0
124,Thomasina,California,tcalifornia3f@wp.com,Female,35.151.76.194
125,Dinnie,Brands,dbrands3g@people.com.cn,Female,55.71.129.124
126,Zed,Cardoo,zcardoo3h@examiner.com,Male,129.139.81.41
127,Sherline,Mattersey,smattersey3i@lycos.com,Female,5.228.197.122
128,Freda,Brierley,fbrierley3j@usatoday.com,Agender,49.48.55.184
129,Sileas,Thewys,sthewys3k@1688.com,Female,30.217.208.161
130,Sally,Ivel,sivel3l@answers.com,Female,135.244.228.252
131,Beauregard,Jagson,bjagson3m@clickbank.net,Male,66.210.42.150
132,Saunder,Setchell,ssetchell3n@patch.com,Male,122.71.191.151
133,Willey,Garrod,wgarrod3o@who.int,Male,1.4.116.0
134,Berny,Edelman,bedelman3p@sciencedirect.com,Male,107.140.255.175
135,Barnie,Heinicke,bheinicke3q@nba.com,Male,130.174.178.184
136,Dave,Bullough,dbullough3r@dailymail.co.uk,Male,120.14.223.54
137,Karna,Longfield,klongfield3s@shutterfly.com,Female,216.201.124.230
138,Natty,Yoslowitz,nyoslowitz3t@unesco.org,Male,149.133.42.158
139,Carey,Sneddon,csneddon3u@army.mil,Male,18.251.151.244
140,Winna,Cristoforo,wcristoforo3v@xing.com,Female,146.241.104.85
141,Bradley,Meade,bmeade3w@angelfire.com,Agender,207.179.35.226
142,Louis,Mordecai,lmordecai3x@earthlink.net,Male,239.20.198.100
143,Jessamyn,Lippett,jlippett3y@domainmarket.com,Bigender,163.138.141.214
144,Bianca,Wilding,bwilding3z@nydailynews.com,Female,227.166.50.195
145,Delila,Gilardengo,dgilardengo40@house.gov,Female,195.201.25.242
146,Leena,Keene,lkeene41@quantcast.com,Polygender,23.246.58.202
147,Inge,Latchford,ilatchford42@nifty.com,Female,153.223.119.87
148,Chelsey,Aleixo,caleixo43@webmd.com,Female,190.18.38.18
149,Maryrose,Kollaschek,mkollaschek44@princeton.edu,Female,96.126.109.76
150,Jillie,Jewsbury,jjewsbury45@pen.io,Female,227.255.102.29
151,Rebecka,BoHlingolsen,rbohlingolsen46@europa.eu,Female,237.99.251.132
152,Tammie,Avraham,tavraham47@scribd.com,Female,74.249.187.254
153,Benedetto,Loraine,bloraine48@github.io,Male,226.169.64.182
154,Tomaso,Wade,twade49@phpbb.com,Male,30.106.168.184
155,Petronille,Regardsoe,pregardsoe4a@ow.ly,Female,166.157.85.14
156,Esther,Hamshar,ehamshar4b@artisteer.com,Female,200.39.219.95
157,Trever,Shelmardine,tshelmardine4c@histats.com,Male,217.147.225.158
158,Antonietta,Skarr,askarr4d@phoca.cz,Female,23.62.180.53
159,Brigid,Dussy,bdussy4e@e-recht24.de,Female,222.29.163.182
160,Fredericka,MacVagh,fmacvagh4f@jiathis.com,Female,204.140.253.117
161,Baxie,Norcott,bnorcott4g@chron.com,Male,136.161.243.193
162,Pieter,Bagshawe,pbagshawe4h@youtu.be,Male,74.39.141.53
163,Shaylyn,Bagger,sbagger4i@apache.org,Female,74.141.25.57
164,Lothario,Muslim,lmuslim4j@cam.ac.uk,Male,104.30.197.69
165,Nana,Tyrone,ntyrone4k@webeden.co.uk,Female,159.106.158.60
166,Linnet,Cragoe,lcragoe4l@people.com.cn,Female,222.229.156.103
167,Marcelo,Edwins,medwins4m@cdc.gov,Male,167.47.74.95
168,Karyn,McGrouther,kmcgrouther4n@dailymail.co.uk,Female,164.182.255.45
169,Giorgi,Stothard,gstothard4o@shareasale.com,Male,237.41.139.137
170,Tedman,Clews,tclews4p@i2i.jp,Male,163.203.176.3
171,Job,Tuft,jtuft4q@washington.edu,Male,208.28.220.125
172,Sloan,Tooher,stooher4r@spiegel.de,Male,131.167.250.21
173,Gunar,Pilch,gpilch4s@amazonaws.com,Male,131.151.207.244
174,Rorke,Clancey,rclancey4t@pen.io,Male,145.85.56.152
175,Jozef,Dullard,jdullard4u@prweb.com,Male,67.82.216.92
176,Sibby,Grishechkin,sgrishechkin4v@alexa.com,Female,124.98.166.79
177,Bobby,Dimanche,bdimanche4w@cnbc.com,Male,176.177.246.250
178,Riley,Matteacci,rmatteacci4x@example.com,Polygender,231.228.3.76
179,Elfie,Schwaiger,eschwaiger4y@diigo.com,Female,17.253.158.248
180,Donovan,Flack,dflack4z@creativecommons.org,Male,218.65.22.236
181,Lionello,Merrien,lmerrien50@nyu.edu,Male,9.158.21.16
182,Osbourn,Kuller,okuller51@gov.uk,Male,58.45.231.221
183,Nikolaos,Crank,ncrank52@mail.ru,Male,164.252.64.250
184,Paten,Locks,plocks53@webeden.co.uk,Male,77.22.233.105
185,Kaylil,Tregust,ktregust54@cnn.com,Female,213.176.222.160
186,Vite,Kiddie,vkiddie55@joomla.org,Male,144.252.24.55
187,Stanwood,Bonsul,sbonsul56@fc2.com,Male,248.245.9.230
188,Smitty,Colbridge,scolbridge57@mozilla.org,Male,31.201.94.201
189,Lionello,Lozano,llozano58@mozilla.org,Male,64.149.148.73
190,Tony,Sumner,tsumner59@gravatar.com,Male,72.5.241.8
191,Arlie,Dargie,adargie5a@bloglines.com,Genderqueer,155.31.69.1
192,Sanford,Riches,sriches5b@miitbeian.gov.cn,Male,141.88.246.32
193,Way,Lailey,wlailey5c@homestead.com,Male,25.90.21.148
194,Tadeo,Spleving,tspleving5d@weebly.com,Male,103.142.215.69
195,Federico,Jentgens,fjentgens5e@icq.com,Male,249.224.120.101
196,Krystal,Avery,kavery5f@symantec.com,Female,74.227.124.214
197,Marylee,Ding,mding5g@wunderground.com,Polygender,121.63.132.250
198,Othelia,Pinney,opinney5h@indiatimes.com,Female,85.148.15.178
199,Gillan,Stockbridge,gstockbridge5i@examiner.com,Female,12.130.149.225
200,Lura,Mundie,lmundie5j@tiny.cc,Female,11.111.32.197
201,Frederique,Eisikowitz,feisikowitz5k@wsj.com,Female,206.236.50.122
202,Jozef,Gordon,jgordon5l@forbes.com,Male,28.21.207.144
203,Alexandros,Batha,abatha5m@ft.com,Male,29.102.50.219
204,Kariotta,Huggan,khuggan5n@phpbb.com,Female,1.218.199.202
205,Nolly,Stadding,nstadding5o@cbc.ca,Male,10.235.179.225
206,Lee,Astie,lastie5p@gnu.org,Male,166.16.43.26
207,Kaitlyn,Evert,kevert5q@lycos.com,Female,66.34.222.227
208,Leigha,Carlisi,lcarlisi5r@blogger.com,Bigender,62.132.253.17
209,Caroljean,Roelofsen,croelofsen5s@tumblr.com,Female,17.139.13.111
210,Rorie,Benneton,rbenneton5t@reuters.com,Female,223.230.133.75
211,Agathe,Ibbett,aibbett5u@vistaprint.com,Female,230.229.106.172
212,Forester,Grassi,fgrassi5v@eventbrite.com,Male,84.223.198.126
213,Creigh,Lippitt,clippitt5w@cnn.com,Male,122.221.192.249
214,Kenn,Killick,kkillick5x@omniture.com,Male,144.90.251.248
215,Madeleine,Phelp,mphelp5y@digg.com,Female,131.170.242.81
216,Neel,Hugo,nhugo5z@blogs.com,Male,224.31.76.96
217,Joseito,Itchingham,jitchingham60@washingtonpost.com,Male,247.106.212.214
218,Elsey,Dollimore,edollimore61@patch.com,Female,45.233.109.171
219,Keir,Eeles,keeles62@de.vu,Male,74.93.153.49
220,Kennan,Horlock,khorlock63@telegraph.co.uk,Male,191.226.222.193
221,Blancha,Brazelton,bbrazelton64@accuweather.com,Female,187.20.14.183
222,Mohammed,Duckit,mduckit65@opensource.org,Genderqueer,38.104.77.123
223,Rochester,Galliard,rgalliard66@google.fr,Male,243.241.169.73
224,Findlay,Copyn,fcopyn67@studiopress.com,Agender,31.3.1.75
225,Carmelina,Sylvester,csylvester68@unc.edu,Female,165.121.102.124
226,Gilberte,Broxis,gbroxis69@lycos.com,Female,151.152.30.131
227,Broderick,McBayne,bmcbayne6a@google.nl,Male,180.14.104.57
228,Gillan,Carnell,gcarnell6b@mtv.com,Female,72.181.218.6
229,Helene,Cockren,hcockren6c@elegantthemes.com,Female,156.104.212.53
230,Fonzie,Cayser,fcayser6d@purevolume.com,Male,229.252.223.227
231,Perri,Oddie,poddie6e@devhub.com,Female,53.44.35.158
232,Shir,Yancey,syancey6f@ft.com,Female,221.145.234.46
233,Katya,Silverlock,ksilverlock6g@elpais.com,Female,153.91.36.114
234,Tallie,Torritti,ttorritti6h@mail.ru,Female,8.172.82.10
235,Kaleena,Micallef,kmicallef6i@google.cn,Female,121.45.121.150
236,Laurens,Pitt,lpitt6j@dailymotion.com,Agender,63.38.122.129
237,Sasha,Duns,sduns6k@webnode.com,Male,166.147.172.40
238,Roda,Kasperski,rkasperski6l@hao123.com,Female,109.241.52.120
239,Isahella,Guisby,iguisby6m@merriam-webster.com,Bigender,89.210.144.34
240,Jillian,Ianiello,jianiello6n@yale.edu,Female,226.80.170.23
241,Tabby,Eddowes,teddowes6o@unc.edu,Male,56.178.220.251
242,Florella,Brunesco,fbrunesco6p@ft.com,Female,182.55.168.61
243,Ernestus,Hows,ehows6q@dailymail.co.uk,Male,151.163.37.78
244,Aguste,Bausor,abausor6r@shop-pro.jp,Male,21.136.170.63
245,Daphne,Ogilvy,dogilvy6s@abc.net.au,Female,252.232.209.48
246,Barth,Kempshall,bkempshall6t@so-net.ne.jp,Agender,233.48.182.146
247,Ryley,Sabatier,rsabatier6u@imageshack.us,Male,74.116.16.178
248,Whitman,Leadston,wleadston6v@google.ca,Male,184.125.206.134
249,Felix,Di Francesco,fdifrancesco6w@eventbrite.com,Male,244.75.87.3
250,Paxon,Schiementz,pschiementz6x@yelp.com,Male,60.168.203.179
251,Daren,Shaxby,dshaxby6y@statcounter.com,Male,12.148.92.27
252,Jedediah,Behan,jbehan6z@123-reg.co.uk,Male,164.144.175.77
253,Burtie,MacDaid,bmacdaid70@state.gov,Male,37.13.239.105
254,Pearl,Blitzer,pblitzer71@t.co,Female,157.152.16.7
255,Melissa,Neame,mneame72@berkeley.edu,Female,9.183.20.194
256,Merv,Bloxland,mbloxland73@nymag.com,Male,64.78.107.138
257,Beatrix,Cassedy,bcassedy74@bizjournals.com,Female,83.181.180.237
258,Emogene,MacNeilage,emacneilage75@t-online.de,Female,180.223.78.39
259,Kassie,Plampin,kplampin76@ftc.gov,Female,38.217.56.109
260,Herc,Tiebe,htiebe77@privacy.gov.au,Genderfluid,5.52.132.78
261,Sibilla,Pimblett,spimblett78@cornell.edu,Female,74.159.174.99
262,Sigismond,Cardenoza,scardenoza79@networkadvertising.org,Male,21.44.20.130
263,Lanni,Bridel,lbridel7a@cdc.gov,Non-binary,27.233.92.169
264,Reinhard,Challenger,rchallenger7b@vinaora.com,Male,215.2.162.176
265,Gabey,Risbrough,grisbrough7c@amazon.com,Female,227.65.112.75
266,Francine,Hooban,fhooban7d@bloglines.com,Female,14.222.3.191
267,Elladine,Peggs,epeggs7e@google.com.hk,Female,57.201.58.160
268,Obed,Feirn,ofeirn7f@theglobeandmail.com,Male,28.158.50.251
269,Cori,Orrill,corrill7g@photobucket.com,Genderfluid,104.47.7.143
270,Zebadiah,Pomfrett,zpomfrett7h@cbsnews.com,Agender,92.82.231.226
271,Moira,Winwood,mwinwood7i@dropbox.com,Female,224.60.194.230
272,Hynda,Dewberry,hdewberry7j@unesco.org,Female,132.66.197.248
273,Ham,Smaleman,hsmaleman7k@goo.gl,Male,80.130.213.29
274,Amandie,Tapin,atapin7l@multiply.com,Female,216.182.181.66
275,Teddie,Ciraldo,tciraldo7m@printfriendly.com,Bigender,87.82.154.145
276,Maury,Basire,mbasire7n@sina.com.cn,Male,187.67.98.229
277,Bailie,Towers,btowers7o@microsoft.com,Male,146.196.103.193
278,May,Lynam,mlynam7p@who.int,Female,43.7.103.48
279,Kiley,Van Eeden,kvaneeden7q@weather.com,Female,213.67.132.24
280,Burch,Benedidick,bbenedidick7r@mapy.cz,Male,121.251.227.121
281,Joseito,Polk,jpolk7s@howstuffworks.com,Male,127.241.78.25
282,Jackson,MacMenamin,jmacmenamin7t@timesonline.co.uk,Male,252.127.101.25
283,Oralle,Dancy,odancy7u@shareasale.com,Female,46.4.164.78
284,Barry,Espino,bespino7v@squarespace.com,Non-binary,57.0.100.126
285,Lurline,Dalla,ldalla7w@slideshare.net,Female,182.96.253.113
286,Elvera,Crockatt,ecrockatt7x@slideshare.net,Polygender,48.45.58.171
287,Christy,Scud,cscud7y@theatlantic.com,Female,160.229.35.5
288,Tabb,Mingaye,tmingaye7z@npr.org,Male,159.227.142.112
289,Leo,Mettrick,lmettrick80@techcrunch.com,Non-binary,181.100.131.71
290,Josepha,Brumen,jbrumen81@usnews.com,Female,1.71.164.192
291,Kaleena,Sanson,ksanson82@delicious.com,Female,12.215.69.73
292,Rosemarie,Nelle,rnelle83@mlb.com,Female,108.115.130.121
293,Tawnya,Clurow,tclurow84@msu.edu,Female,51.211.51.13
294,Ingrid,Fenix,ifenix85@loc.gov,Female,233.18.90.71
295,Courtney,Guerin,cguerin86@kickstarter.com,Male,175.52.212.200
296,Thaddeus,Lutzmann,tlutzmann87@reuters.com,Male,191.169.231.53
297,Flo,MacAlpyne,fmacalpyne88@examiner.com,Female,170.179.158.14
298,Amil,Lorek,alorek89@abc.net.au,Female,134.129.144.73
299,Olga,Bordone,obordone8a@weibo.com,Female,206.54.127.47
300,Dirk,Maddie,dmaddie8b@de.vu,Male,208.28.81.154
301,Dulsea,Chugg,dchugg8c@narod.ru,Female,45.133.179.229
302,Johna,De Pero,jdepero8d@desdev.cn,Female,157.154.204.240
303,Erie,Oneill,eoneill8e@tmall.com,Male,44.157.28.219
304,Claudell,Fulton,cfulton8f@ebay.co.uk,Male,3.221.229.23
305,Annnora,Shilburne,ashilburne8g@free.fr,Female,186.107.147.223
306,Gill,Jell,gjell8h@163.com,Female,169.231.124.194
307,Hartley,Farman,hfarman8i@scribd.com,Male,153.115.64.83
308,Hayden,Hoodspeth,hhoodspeth8j@xing.com,Non-binary,81.143.69.109
309,Constance,Evitts,cevitts8k@eventbrite.com,Female,43.94.140.237
310,Curry,Bollum,cbollum8l@gov.uk,Male,136.240.82.152
311,Lefty,Simond,lsimond8m@msu.edu,Male,82.14.202.198
312,Gasper,Sigsworth,gsigsworth8n@webs.com,Male,36.211.153.18
313,Yule,Gilpin,ygilpin8o@illinois.edu,Male,194.215.74.118
314,Vincenty,Dacre,vdacre8p@elegantthemes.com,Male,160.10.0.101
315,Alessandro,Feldmark,afeldmark8q@instagram.com,Male,182.46.84.1
316,Carmine,Thaller,cthaller8r@ehow.com,Female,148.27.60.113
317,Fabien,Kelledy,fkelledy8s@dedecms.com,Male,12.77.84.148
318,Clywd,Newns,cnewns8t@who.int,Male,243.133.240.32
319,Lotti,Baddoe,lbaddoe8u@istockphoto.com,Female,97.60.126.183
320,Stephanie,Bruniges,sbruniges8v@wikia.com,Female,24.98.116.228
321,Leoine,Jeffress,ljeffress8w@telegraph.co.uk,Female,248.75.14.40
322,Lisbeth,Haresnaip,lharesnaip8x@cmu.edu,Female,46.98.40.17
323,Sherilyn,Malinowski,smalinowski8y@toplist.cz,Female,245.102.67.246
324,Veriee,Pashbee,vpashbee8z@usda.gov,Female,67.242.82.207
325,Perkin,Gudger,pgudger90@i2i.jp,Male,93.60.54.162
326,Adda,Albarez,aalbarez91@mlb.com,Female,146.105.92.78
327,Glenda,Carde,gcarde92@youku.com,Female,246.8.39.109
328,Reade,Volet,rvolet93@fotki.com,Male,122.22.250.77
329,Bondy,Blyth,bblyth94@hugedomains.com,Male,30.2.104.245
330,Rooney,Lghan,rlghan95@woothemes.com,Male,239.219.94.231
331,Gilli,Rosenwasser,grosenwasser96@goo.ne.jp,Polygender,155.62.9.146
332,Artemis,Lashley,alashley97@china.com.cn,Male,122.84.219.169
333,Minda,Anten,manten98@elegantthemes.com,Female,227.239.168.15
334,Viviene,Wrennall,vwrennall99@blogs.com,Female,222.110.228.250
335,Xenos,Messent,xmessent9a@indiatimes.com,Male,113.176.209.180
336,Antonin,Arrigo,aarrigo9b@vkontakte.ru,Male,2.158.119.25
337,Sheelagh,Atkinson,satkinson9c@tinypic.com,Female,136.29.93.213
338,Gilberta,Thorndale,gthorndale9d@live.com,Female,182.144.86.110
339,Elaina,Marte,emarte9e@huffingtonpost.com,Female,145.62.136.226
340,Launce,Cowdery,lcowdery9f@arizona.edu,Non-binary,161.87.243.194
341,Sharline,Gundrey,sgundrey9g@senate.gov,Female,225.4.73.118
342,Tibold,Ezzy,tezzy9h@php.net,Male,44.10.171.166
343,Sherwynd,Hawkin,shawkin9i@youtube.com,Male,27.159.199.67
344,Pavlov,Axton,paxton9j@techcrunch.com,Male,33.49.91.133
345,Sheffy,Bellows,sbellows9k@dropbox.com,Male,2.78.199.25
346,Nickey,McCallum,nmccallum9l@barnesandnoble.com,Male,97.116.95.246
347,Vanya,Rodell,vrodell9m@go.com,Male,142.96.136.169
348,Willy,Dyett,wdyett9n@imdb.com,Male,7.97.104.49
349,Minnnie,Sacher,msacher9o@vinaora.com,Female,84.72.72.41
350,Ailee,Shimmans,ashimmans9p@usnews.com,Female,216.83.181.216
351,Theressa,Bucknall,tbucknall9q@wikipedia.org,Female,88.241.245.109
352,Farand,Oxenham,foxenham9r@usa.gov,Female,220.143.74.253
353,Issie,Hunnawill,ihunnawill9s@bbc.co.uk,Non-binary,254.79.205.119
354,Alix,Prigmore,aprigmore9t@livejournal.com,Male,42.20.158.164
355,Vonnie,Bagniuk,vbagniuk9u@ox.ac.uk,Female,8.132.70.202
356,Babette,Dudney,bdudney9v@amazon.co.jp,Female,85.107.18.221
357,Baldwin,Thompson,bthompson9w@yahoo.com,Male,20.249.22.198
358,Antonia,Karolovsky,akarolovsky9x@economist.com,Female,12.99.197.214
359,Allyn,Gallone,agallone9y@digg.com,Female,41.64.238.107
360,Dom,Daggett,ddaggett9z@cnn.com,Male,150.155.34.197
361,Kile,Tomaskunas,ktomaskunasa0@aol.com,Male,119.40.95.232
362,William,Keniwell,wkeniwella1@sourceforge.net,Male,204.216.22.190
363,Gonzales,Cradick,gcradicka2@live.com,Male,91.228.33.44
364,Pierrette,Goforth,pgofortha3@photobucket.com,Female,246.42.21.198
365,Rab,Busain,rbusaina4@narod.ru,Male,208.74.79.210
366,Starlin,Tuckley,stuckleya5@seattletimes.com,Female,141.229.81.86
367,Michal,McGeechan,mmcgeechana6@mozilla.org,Female,123.150.134.112
368,Bianka,Bisseker,bbissekera7@dropbox.com,Female,91.79.196.143
369,Mohammed,Glen,mglena8@hibu.com,Male,22.151.112.238
370,Kelly,Self,kselfa9@washington.edu,Female,211.149.62.156
371,Zebadiah,Mariet,zmarietaa@blogs.com,Male,176.189.108.108
372,Berton,Hanington,bhaningtonab@nbcnews.com,Male,112.88.131.197
373,Karney,Grigor,kgrigorac@spiegel.de,Male,149.175.17.140
374,Harris,Franciottoi,hfranciottoiad@bloomberg.com,Male,209.242.107.63
375,Judd,Hawket,jhawketae@hc360.com,Male,161.103.57.216
376,Adolpho,Aingel,aaingelaf@sbwire.com,Male,126.75.227.137
377,Selby,Ruthen,sruthenag@hexun.com,Genderfluid,240.196.93.8
378,Dahlia,Heliar,dheliarah@salon.com,Female,202.42.181.84
379,Julie,Oldacres,joldacresai@sitemeter.com,Male,89.43.171.210
380,Flo,Abramowitch,fabramowitchaj@jimdo.com,Bigender,125.102.20.34
381,Lovell,Duffus,lduffusak@seattletimes.com,Male,129.19.164.44
382,Filberte,Studdal,fstuddalal@mlb.com,Genderqueer,39.211.98.71
383,Rabi,Kennsley,rkennsleyam@freewebs.com,Male,121.145.62.237
384,Hermione,Dovidaitis,hdovidaitisan@gmpg.org,Female,138.6.49.128
385,Johnath,Hazeley,jhazeleyao@bloglines.com,Female,129.63.48.68
386,Cherye,Cornejo,ccornejoap@sciencedirect.com,Female,157.51.134.219
387,Laurette,Yakunchikov,lyakunchikovaq@ebay.co.uk,Female,232.104.205.195
388,Ethelind,Annies,eanniesar@tamu.edu,Agender,66.176.31.160
389,Anne-corinne,Coppledike,acoppledikeas@salon.com,Female,205.60.28.225
390,Elena,Grix,egrixat@diigo.com,Female,32.55.89.11
391,Francisca,Repp,freppau@nifty.com,Female,207.98.249.242
392,Justina,Redshaw,jredshawav@wsj.com,Female,119.220.240.53
393,Jenilee,Merfin,jmerfinaw@booking.com,Female,130.210.5.219
394,Verina,Nice,vniceax@businessweek.com,Non-binary,179.160.2.191
395,Jewell,Lantuffe,jlantuffeay@symantec.com,Female,243.48.121.90
396,Joelle,Keeney,jkeeneyaz@mayoclinic.com,Female,41.200.234.180
397,Oran,Jonk,ojonkb0@newyorker.com,Male,229.237.155.194
398,Toby,Mobbs,tmobbsb1@sohu.com,Agender,87.38.192.3
399,Sybil,Spradbery,sspradberyb2@oaic.gov.au,Female,90.50.125.170
400,Ethelda,Rattenberie,erattenberieb3@google.it,Female,142.141.157.6
401,Henryetta,Stedell,hstedellb4@tmall.com,Female,38.104.78.238
402,Ricki,Icom,ricomb5@odnoklassniki.ru,Male,192.126.19.184
403,Gui,Gery,ggeryb6@parallels.com,Female,191.174.0.12
404,Germana,Denley,gdenleyb7@angelfire.com,Female,45.136.64.137
405,Ashton,Fiddy,afiddyb8@house.gov,Male,49.106.25.74
406,Prentice,Noor,pnoorb9@etsy.com,Genderqueer,189.134.86.44
407,Julian,Edelmann,jedelmannba@netscape.com,Male,89.55.7.86
408,Mischa,Coutts,mcouttsbb@51.la,Male,140.102.228.16
409,Arleen,Pawlicki,apawlickibc@weibo.com,Female,136.88.220.224
410,Marga,Sturror,msturrorbd@cafepress.com,Female,173.176.148.125
411,Val,Kalkofen,vkalkofenbe@cdc.gov,Female,222.3.114.61
412,Jon,Tarney,jtarneybf@wsj.com,Male,165.22.73.227
413,Cariotta,Tench,ctenchbg@prnewswire.com,Female,57.192.57.156
414,Noel,Van Der Weedenburg,nvanderweedenburgbh@home.pl,Female,235.19.118.7
415,Beatrix,McFarlan,bmcfarlanbi@ft.com,Bigender,146.119.22.91
416,Abbot,Duro,adurobj@newsvine.com,Male,98.137.182.242
417,Anders,Blandford,ablandfordbk@un.org,Male,168.223.100.50
418,Caryl,Pitcaithly,cpitcaithlybl@edublogs.org,Male,113.96.127.113
419,Fredi,Binstead,fbinsteadbm@baidu.com,Female,125.136.75.196
420,Vasily,Lambirth,vlambirthbn@blog.com,Male,148.152.243.116
421,Corissa,Drewe,cdrewebo@exblog.jp,Female,160.179.232.11
422,Octavius,Cursey,ocurseybp@jimdo.com,Male,35.70.69.219
423,Lorianne,Kalisch,lkalischbq@diigo.com,Non-binary,54.88.227.30
424,Lizette,Josilowski,ljosilowskibr@hc360.com,Female,245.13.141.23
425,Angelica,Janisson,ajanissonbs@twitpic.com,Female,208.63.226.141
426,Maura,Frearson,mfrearsonbt@skyrock.com,Female,22.188.126.214
427,Xymenes,Twinning,xtwinningbu@wikispaces.com,Male,206.143.152.140
428,Matty,Umpleby,mumplebybv@networksolutions.com,Genderfluid,246.171.141.40
429,Berna,Weiner,bweinerbw@free.fr,Female,20.27.8.109
430,Kelcy,Itzkovitch,kitzkovitchbx@imageshack.us,Female,106.236.5.179
431,Udell,Ewestace,uewestaceby@google.es,Male,38.21.216.139
432,Pavlov,Kohrsen,pkohrsenbz@barnesandnoble.com,Male,32.83.91.144
433,Brnaba,Bloore,bbloorec0@instagram.com,Agender,108.3.17.240
434,Bernice,Kullmann,bkullmannc1@friendfeed.com,Agender,54.140.116.194
435,Zoe,Turpie,zturpiec2@miitbeian.gov.cn,Female,163.98.227.199
436,Lanni,Skurray,lskurrayc3@techcrunch.com,Female,131.196.95.179
437,Zelig,Nears,znearsc4@mac.com,Male,145.46.157.93
438,Lazare,Iwanowicz,liwanowiczc5@tmall.com,Male,218.230.55.11
439,Morena,Harrell,mharrellc6@amazon.com,Female,29.100.173.170
440,Hayward,Delacoste,hdelacostec7@chicagotribune.com,Male,161.90.136.86
441,Elmira,Paddie,epaddiec8@blinklist.com,Female,196.164.251.94
442,Von,De la Yglesia,vdelayglesiac9@feedburner.com,Bigender,60.98.125.76
443,Norris,Noyce,nnoyceca@whitehouse.gov,Male,232.50.72.44
444,Braden,Nickerson,bnickersoncb@guardian.co.uk,Male,202.59.37.158
445,Lonnard,Newbery,lnewberycc@etsy.com,Male,157.126.155.13
446,Phillie,Gillise,pgillisecd@illinois.edu,Female,26.144.254.5
447,Noach,Dittson,ndittsonce@blogger.com,Male,38.100.179.130
448,Jessika,Ibbison,jibbisoncf@usa.gov,Female,100.173.0.161
449,Hugibert,Stockney,hstockneycg@wordpress.com,Male,54.142.105.154
450,Arliene,Wrotham,awrothamch@issuu.com,Female,80.84.138.67
451,Granger,Granville,ggranvilleci@so-net.ne.jp,Male,214.158.130.154
452,Meggy,Baison,mbaisoncj@slate.com,Female,223.132.33.105
453,Klaus,Nurcombe,knurcombeck@nsw.gov.au,Genderqueer,255.3.44.123
454,Salome,Czaple,sczaplecl@lycos.com,Female,204.14.168.41
455,Isadore,Sayburn,isayburncm@apache.org,Male,240.46.50.152
456,Leonhard,McLeoid,lmcleoidcn@issuu.com,Male,107.25.36.87
457,Brewer,Elmer,belmerco@ebay.com,Male,199.32.244.201
458,Gussy,Crowe,gcrowecp@google.ru,Female,179.152.224.205
459,Henryetta,Durno,hdurnocq@desdev.cn,Female,84.1.112.111
460,Andreas,Davoren,adavorencr@blogtalkradio.com,Male,127.169.71.197
461,Terry,Shatliffe,tshatliffecs@walmart.com,Female,220.14.75.110
462,Winthrop,Sinton,wsintonct@sciencedaily.com,Agender,254.119.61.165
463,Lenard,Bleakley,lbleakleycu@imageshack.us,Male,94.163.99.153
464,Laney,Eisikowitch,leisikowitchcv@1688.com,Female,159.181.25.58
465,King,Dominetti,kdominetticw@youtube.com,Male,184.247.238.72
466,Carolan,Boulde,cbouldecx@nsw.gov.au,Female,219.107.199.64
467,Romeo,Jeanes,rjeanescy@time.com,Male,197.247.138.176
468,Rahel,Monkley,rmonkleycz@google.de,Female,74.165.252.226
469,Noreen,Marion,nmariond0@blinklist.com,Female,246.200.236.138
470,Smitty,Mease,smeased1@cbc.ca,Male,95.110.163.157
471,Roseanna,Scryne,rscryned2@narod.ru,Female,78.188.219.72
472,Wallie,Barker,wbarkerd3@ehow.com,Female,204.201.224.63
473,Elvin,Schultes,eschultesd4@ted.com,Male,37.73.26.84
474,Corrine,Malyan,cmalyand5@umich.edu,Female,143.169.122.144
475,Billy,Russam,brussamd6@nasa.gov,Female,251.160.244.118
476,Cary,Sewley,csewleyd7@vk.com,Female,177.225.208.170
477,Gram,Oxby,goxbyd8@posterous.com,Polygender,148.92.211.109
478,Jonathon,Lamkin,jlamkind9@macromedia.com,Male,76.172.112.186
479,Kelci,Sayward,ksaywardda@slideshare.net,Female,14.186.160.117
480,Isaac,Verlinden,iverlindendb@independent.co.uk,Male,88.231.135.110
481,Andreana,Jory,ajorydc@merriam-webster.com,Female,43.47.78.169
482,Sapphire,Waylen,swaylendd@miibeian.gov.cn,Bigender,106.95.10.238
483,Lionello,Houselee,lhouseleede@ed.gov,Male,205.77.16.159
484,Terrence,Stilwell,tstilwelldf@wikipedia.org,Male,140.71.197.56
485,Annamarie,Bassett,abassettdg@nature.com,Female,207.185.250.252
486,Roxi,McKevin,rmckevindh@scientificamerican.com,Female,89.123.226.7
487,Magdalene,Borsi,mborsidi@time.com,Female,8.50.83.158
488,Lyndell,Kemmer,lkemmerdj@artisteer.com,Female,68.226.246.32
489,Reena,Devo,rdevodk@msu.edu,Female,250.196.59.243
490,Bondie,Wordsworth,bwordsworthdl@icq.com,Male,159.237.244.87
491,Warner,O'Doherty,wodohertydm@reverbnation.com,Male,117.36.178.116
492,Nestor,McGavigan,nmcgavigandn@stanford.edu,Genderfluid,19.234.173.87
493,Kerwinn,Garden,kgardendo@huffingtonpost.com,Male,28.198.8.171
494,Bev,Klaves,bklavesdp@wiley.com,Male,158.113.99.180
495,Daven,Hayen,dhayendq@gov.uk,Male,65.197.240.108
496,Cordelia,Jencey,cjenceydr@storify.com,Female,123.88.236.115
497,Courtney,Galey,cgaleyds@reference.com,Male,178.161.197.0
498,Godfree,Rundle,grundledt@princeton.edu,Male,235.117.222.194
499,Veronique,McCafferky,vmccafferkydu@vk.com,Female,139.237.154.207
500,Dickie,Venour,dvenourdv@phpbb.com,Male,84.0.191.129
501,Avivah,McManamen,amcmanamendw@jigsy.com,Non-binary,118.128.205.127
502,Josefina,Malcher,jmalcherdx@howstuffworks.com,Female,120.20.198.64
503,Mikel,Yakobowitz,myakobowitzdy@ed.gov,Male,163.36.80.249
504,Ari,Masson,amassondz@360.cn,Male,139.178.229.206
505,Kennie,Cadwallader,kcadwalladere0@lulu.com,Male,168.191.169.242
506,Genovera,Minogue,gminoguee1@jiathis.com,Female,140.27.203.238
507,Ludwig,Buxcey,lbuxceye2@plala.or.jp,Male,183.155.196.205
508,Leslie,Kersaw,lkersawe3@ibm.com,Female,28.191.19.174
509,Gallard,Warlow,gwarlowe4@cnbc.com,Male,74.159.38.76
510,Patrizius,Glasman,pglasmane5@msu.edu,Male,120.153.32.91
511,Cass,Dilley,cdilleye6@pcworld.com,Male,250.204.61.128
512,Peirce,Farnworth,pfarnworthe7@newsvine.com,Male,190.125.198.143
513,Rustin,Haselup,rhaselupe8@xinhuanet.com,Male,44.196.150.248
514,Chevy,Sharper,csharpere9@gizmodo.com,Male,220.196.207.243
515,Alvy,McAughtry,amcaughtryea@toplist.cz,Male,237.110.12.60
516,Miguelita,Hanmore,mhanmoreeb@vistaprint.com,Female,48.242.207.9
517,Ado,Dymocke,adymockeec@nature.com,Male,8.147.71.218
518,Neysa,Myner,nmynered@unblog.fr,Female,188.43.219.13
519,Pooh,Grimsley,pgrimsleyee@forbes.com,Male,245.93.172.121
520,Benoit,Mussalli,bmussallief@devhub.com,Genderfluid,71.163.140.129
521,Edmund,Danilchik,edanilchikeg@slate.com,Male,38.202.227.199
522,Esra,Creed,ecreedeh@home.pl,Male,76.105.176.131
523,Fraze,Lingfoot,flingfootei@un.org,Male,36.175.172.159
524,Gerti,Stolworthy,gstolworthyej@usgs.gov,Female,146.17.5.3
525,Guntar,Le Batteur,glebatteurek@cbslocal.com,Male,214.135.189.109
526,Laurens,Cobbing,lcobbingel@elegantthemes.com,Male,18.146.116.172
527,Armstrong,Struijs,astruijsem@stumbleupon.com,Male,31.53.185.49
528,Selby,Terram,sterramen@umn.edu,Male,141.50.64.114
529,Rhys,Lermouth,rlermoutheo@about.com,Male,58.123.246.134
530,Florinda,Goodwill,fgoodwillep@accuweather.com,Female,113.45.66.55
531,Nedi,Grelak,ngrelakeq@smh.com.au,Female,219.37.68.232
532,Glad,Ortiger,gortigerer@purevolume.com,Female,5.244.253.65
533,Catriona,Tustin,ctustines@marketwatch.com,Genderqueer,242.200.255.61
534,Krystyna,Oehm,koehmet@blog.com,Female,33.69.85.24
535,Thorpe,Roskilly,troskillyeu@businessinsider.com,Male,115.46.25.88
536,Faber,Kettoe,fkettoeev@dyndns.org,Male,72.26.98.234
537,Jany,Cadden,jcaddenew@rakuten.co.jp,Female,200.188.17.249
538,Gothart,Sommerlin,gsommerlinex@sbwire.com,Male,225.105.143.54
539,Althea,Stearley,astearleyey@de.vu,Female,104.64.79.114
540,Tallou,Roffe,troffeez@google.nl,Female,136.248.156.222
541,Vincents,Franklyn,vfranklynf0@networksolutions.com,Male,94.79.93.95
542,Breena,Lawrenceson,blawrencesonf1@php.net,Female,120.107.207.42
543,Keary,Davley,kdavleyf2@paypal.com,Male,139.42.78.43
544,Heath,Salvadore,hsalvadoref3@blogger.com,Male,207.56.187.234
545,Wiatt,Gobel,wgobelf4@a8.net,Male,206.58.155.175
546,Geordie,Hacking,ghackingf5@statcounter.com,Male,71.81.148.204
547,Patrice,Unitt,punittf6@google.pl,Female,34.172.114.101
548,Britteny,Hedan,bhedanf7@bluehost.com,Female,225.210.163.20
549,Michaella,Dilworth,mdilworthf8@ftc.gov,Female,10.122.73.169
550,Lenka,Guesford,lguesfordf9@ucsd.edu,Female,29.229.182.176
551,Sunshine,Matuschek,smatuschekfa@shop-pro.jp,Genderfluid,75.85.208.123
552,Andee,Lamblin,alamblinfb@bravesites.com,Female,175.189.28.131
553,Christopher,Etoile,cetoilefc@hp.com,Male,141.196.80.19
554,Prent,Ebbrell,pebbrellfd@usda.gov,Male,158.40.171.209
555,Karina,Lusher,klusherfe@admin.ch,Bigender,166.142.138.72
556,Jerry,Suttling,jsuttlingff@123-reg.co.uk,Polygender,125.106.250.32
557,Lenora,Korneichik,lkorneichikfg@google.de,Female,145.37.57.108
558,Berk,Hampstead,bhampsteadfh@ask.com,Male,46.72.229.9
559,Janeczka,Medina,jmedinafi@dell.com,Female,58.180.114.17
560,Gretel,Blaik,gblaikfj@indiatimes.com,Female,109.156.210.172
561,Ileane,Nosworthy,inosworthyfk@intel.com,Female,57.201.252.9
562,Rip,Vasiliev,rvasilievfl@comcast.net,Male,155.161.212.172
563,Anneliese,Richen,arichenfm@hp.com,Female,71.65.246.55
564,Jeremiah,Cook,jcookfn@meetup.com,Male,83.155.18.106
565,Alphonse,Grut,agrutfo@sbwire.com,Male,199.228.63.201
566,Jehu,Stroban,jstrobanfp@disqus.com,Male,1.190.98.122
567,Marla,Cullum,mcullumfq@squarespace.com,Genderqueer,127.106.80.15
568,Keenan,Kealy,kkealyfr@noaa.gov,Male,12.13.230.181
569,Brannon,Owbrick,bowbrickfs@dedecms.com,Male,193.30.252.45
570,Ramon,Treswell,rtreswellft@naver.com,Male,1.185.254.190
571,Gottfried,Doniso,gdonisofu@irs.gov,Male,133.101.169.156
572,Devin,Gurnell,dgurnellfv@pcworld.com,Male,169.68.246.171
573,Daron,McIan,dmcianfw@sitemeter.com,Female,86.130.116.76
574,Ninnette,Morewood,nmorewoodfx@ask.com,Female,133.210.88.109
575,Waylin,Emery,wemeryfy@usgs.gov,Male,186.27.91.57
576,Cynde,Bruckman,cbruckmanfz@google.com.br,Female,153.179.95.69
577,Bari,Durham,bdurhamg0@tripadvisor.com,Female,196.22.224.147
578,Ferdie,Gerok,fgerokg1@printfriendly.com,Male,210.233.210.121
579,Chilton,Martellini,cmartellinig2@umn.edu,Male,2.240.177.155
580,Frieda,Bortoletti,fbortolettig3@shop-pro.jp,Female,161.190.147.224
581,Edithe,Crowter,ecrowterg4@blinklist.com,Female,138.122.15.49
582,Iolande,Gillanders,igillandersg5@uol.com.br,Female,240.3.201.181
583,Car,Rudledge,crudledgeg6@telegraph.co.uk,Male,128.199.52.163
584,Somerset,Ferretti,sferrettig7@edublogs.org,Male,228.215.39.244
585,Kendall,Prestige,kprestigeg8@sciencedirect.com,Male,215.177.201.253
586,Martita,Lillecrap,mlillecrapg9@discuz.net,Female,106.29.96.229
587,Eli,Oldman,eoldmanga@lycos.com,Male,97.76.220.24
588,Sharyl,Isakovitch,sisakovitchgb@answers.com,Non-binary,219.115.245.162
589,Tori,Antecki,tanteckigc@lulu.com,Female,233.56.115.235
590,Onofredo,Stirton,ostirtongd@chicagotribune.com,Male,233.136.14.149
591,Pepillo,Johnys,pjohnysge@about.com,Male,92.210.41.91
592,Amie,Witter,awittergf@nbcnews.com,Female,180.59.75.120
593,Ronny,Rodger,rrodgergg@elegantthemes.com,Male,205.106.141.242
594,Isabelita,Dullard,idullardgh@parallels.com,Female,25.38.56.121
595,Tomaso,Petow,tpetowgi@spiegel.de,Male,202.73.203.122
596,Darnall,Scardifield,dscardifieldgj@umich.edu,Polygender,2.61.85.133
597,Gillian,Staker,gstakergk@typepad.com,Female,79.205.5.227
598,Karmen,Bartkowiak,kbartkowiakgl@sina.com.cn,Female,156.179.139.220
599,Regan,Felce,rfelcegm@shutterfly.com,Male,195.158.93.197
600,Romona,Brose,rbrosegn@kickstarter.com,Female,50.9.64.92
601,Amalia,Nestor,anestorgo@wsj.com,Female,127.87.34.45
602,Franky,Peattie,fpeattiegp@nasa.gov,Male,38.96.33.122
603,Siana,Sheryn,ssheryngq@flavors.me,Female,49.114.151.19
604,Natalina,Gillow,ngillowgr@reference.com,Female,185.156.32.22
605,Todd,Bourgour,tbourgourgs@psu.edu,Male,158.131.39.129
606,Rourke,O'Corr,rocorrgt@imgur.com,Male,32.34.89.69
607,Hyacinthie,Cunde,hcundegu@ca.gov,Female,139.21.49.53
608,Marj,Juszczyk,mjuszczykgv@constantcontact.com,Female,102.190.143.243
609,Ogdan,Gale,ogalegw@cafepress.com,Male,244.248.190.246
610,Grove,Vaskov,gvaskovgx@i2i.jp,Male,152.247.71.91
611,Reinaldo,Ezzle,rezzlegy@instagram.com,Male,240.8.224.48
612,Dallas,Hedworth,dhedworthgz@furl.net,Female,160.115.16.2
613,Korrie,Pingston,kpingstonh0@google.com,Polygender,91.229.213.201
614,Clay,Caroline,ccarolineh1@wikipedia.org,Male,67.214.199.211
615,Peria,Klich,pklichh2@51.la,Female,150.198.53.158
616,Damita,Moylan,dmoylanh3@jiathis.com,Female,150.234.132.140
617,Dorie,Bransdon,dbransdonh4@de.vu,Male,105.211.122.70
618,Jourdain,Touzey,jtouzeyh5@msu.edu,Male,118.200.79.120
619,Ryan,Cull,rcullh6@sakura.ne.jp,Male,74.97.164.84
620,Teresina,Vousden,tvousdenh7@oaic.gov.au,Female,203.229.44.224
621,Lizbeth,MacCaughen,lmaccaughenh8@1688.com,Female,240.83.114.77
622,Neddy,Bertot,nbertoth9@telegraph.co.uk,Male,58.196.67.11
623,Holmes,Quarless,hquarlessha@ftc.gov,Male,213.13.115.180
624,Coleen,Tadman,ctadmanhb@webnode.com,Female,188.206.23.36
625,Adorne,Sickamore,asickamorehc@samsung.com,Female,28.175.56.254
626,Clemente,Edbrooke,cedbrookehd@state.tx.us,Male,33.93.234.234
627,Dione,Mallan,dmallanhe@bandcamp.com,Female,115.53.101.221
628,Gaile,Bousquet,gbousquethf@hubpages.com,Polygender,112.1.61.194
629,Gilbertine,Conyard,gconyardhg@hostgator.com,Genderfluid,215.177.137.150
630,Alasdair,Ilett,ailetthh@comcast.net,Male,219.57.241.70
631,Moshe,Hiscoke,mhiscokehi@123-reg.co.uk,Male,24.246.4.232
632,Art,Gristwood,agristwoodhj@sitemeter.com,Male,9.117.199.49
633,Ewart,Callaby,ecallabyhk@bbc.co.uk,Male,186.6.202.176
634,Angy,Atcheson,aatchesonhl@opera.com,Agender,151.213.134.7
635,Kerby,Cowper,kcowperhm@archive.org,Male,143.176.180.205
636,Lars,Jordeson,ljordesonhn@instagram.com,Male,6.55.78.120
637,Chad,Lymbourne,clymbourneho@w3.org,Female,1.80.111.23
638,Giacinta,Capelle,gcapellehp@g.co,Female,25.255.33.57
639,Miriam,Ramelet,mramelethq@pbs.org,Female,83.132.59.48
640,Shepherd,Nickoles,snickoleshr@tamu.edu,Male,70.63.192.12
641,Celestyna,Gadman,cgadmanhs@uol.com.br,Polygender,194.211.141.97
642,Shelly,Whitbread,swhitbreadht@example.com,Female,2.172.102.129
643,Pascale,Goodfield,pgoodfieldhu@amazonaws.com,Male,56.15.48.153
644,Osborne,Bonfield,obonfieldhv@devhub.com,Male,59.40.109.96
645,Pernell,Tassell,ptassellhw@hhs.gov,Male,185.162.234.64
646,Gordan,Srawley,gsrawleyhx@nature.com,Genderfluid,157.53.183.140
647,Niels,Pinfold,npinfoldhy@npr.org,Male,84.69.25.34
648,Hannah,Tregidga,htregidgahz@creativecommons.org,Female,224.235.62.101
649,Nanci,Leyborne,nleybornei0@barnesandnoble.com,Female,67.192.143.47
650,Tallou,Niezen,tniezeni1@icio.us,Female,204.22.168.91
651,Lorilee,Ghidetti,lghidettii2@hexun.com,Female,80.20.88.113
652,Demetre,Merrifield,dmerrifieldi3@t.co,Male,152.185.169.81
653,Umberto,Lodwick,ulodwicki4@ustream.tv,Male,36.117.239.175
654,Shea,Rathjen,srathjeni5@ocn.ne.jp,Female,125.230.251.29
655,Anna-maria,Czajka,aczajkai6@thetimes.co.uk,Female,44.48.229.186
656,Pail,Kuschel,pkuscheli7@wikia.com,Male,141.71.9.185
657,Ninnetta,Few,nfewi8@seattletimes.com,Genderfluid,206.237.23.170
658,Jori,Sabathier,jsabathieri9@bizjournals.com,Female,227.84.98.217
659,Pinchas,Leynton,pleyntonia@state.gov,Male,108.217.201.90
660,Nadiya,Burnard,nburnardib@jimdo.com,Polygender,210.49.218.204
661,Alana,Pundy,apundyic@scribd.com,Female,68.64.132.251
662,Wandis,Bustin,wbustinid@amazon.co.uk,Female,143.133.192.241
663,Rochester,Staziker,rstazikerie@xinhuanet.com,Male,157.70.177.142
664,Deerdre,McGurgan,dmcgurganif@jimdo.com,Female,20.1.189.61
665,Gerhardine,Chatel,gchatelig@theguardian.com,Female,76.203.42.202
666,Benedicto,Gorghetto,bgorghettoih@hud.gov,Male,82.203.140.160
667,Bastien,Erley,berleyii@addthis.com,Bigender,139.147.221.220
668,Elston,Haysman,ehaysmanij@infoseek.co.jp,Male,104.208.20.175
669,Darya,Daulby,ddaulbyik@flickr.com,Female,234.19.83.216
670,Ryley,de Copeman,rdecopemanil@bizjournals.com,Polygender,157.5.167.160
671,Thurstan,Rollingson,trollingsonim@shop-pro.jp,Male,133.192.99.52
672,Dame,Golsworthy,dgolsworthyin@yelp.com,Male,239.13.67.151
673,Gradeigh,Brackpool,gbrackpoolio@vkontakte.ru,Male,249.127.119.135
674,Jacinthe,Mableson,jmablesonip@oracle.com,Female,6.83.224.110
675,Camella,Honnicott,chonnicottiq@posterous.com,Female,102.116.117.13
676,Karel,Smitherman,ksmithermanir@reddit.com,Female,162.201.52.194
677,Arturo,Simyson,asimysonis@xing.com,Male,109.198.7.75
678,Padraic,Espinal,pespinalit@cnbc.com,Male,183.63.53.169
679,Boone,Durbann,bdurbanniu@icio.us,Male,23.233.161.76
680,Andrey,Meckiff,ameckiffiv@smugmug.com,Male,120.128.144.13
681,Jude,Riolfo,jriolfoiw@cisco.com,Male,57.48.120.91
682,Tiffie,Britton,tbrittonix@pinterest.com,Female,36.105.112.196
683,Romona,Cleaver,rcleaveriy@mlb.com,Female,60.101.177.247
684,Blondelle,Ferriday,bferridayiz@blogs.com,Bigender,14.182.209.231
685,Tricia,Pendle,tpendlej0@wired.com,Female,141.174.44.53
686,Harland,Manton,hmantonj1@google.co.jp,Male,56.91.97.21
687,Nathanial,Gare,ngarej2@typepad.com,Male,210.187.96.156
688,Jarret,Pagen,jpagenj3@hubpages.com,Male,249.192.138.145
689,Kahaleel,Ashling,kashlingj4@ameblo.jp,Male,111.131.62.231
690,Nerita,Cleare,nclearej5@microsoft.com,Female,247.109.220.0
691,Zared,Forst,zforstj6@boston.com,Male,130.236.177.158
692,Nicolle,Tippell,ntippellj7@pcworld.com,Agender,255.20.160.145
693,Faustine,Chrystie,fchrystiej8@jugem.jp,Polygender,208.248.216.26
694,Vincenz,Sket,vsketj9@nps.gov,Male,60.197.130.38
695,Stefania,Housaman,shousamanja@skyrock.com,Female,187.130.90.178
696,Cristin,Hanne,channejb@intel.com,Genderfluid,50.17.135.168
697,Temp,Kuhnert,tkuhnertjc@1688.com,Male,117.80.224.191
698,Elvis,Motto,emottojd@patch.com,Male,47.100.175.92
699,Willis,Braker,wbrakerje@lulu.com,Male,1.172.168.96
700,Lambert,Blease,lbleasejf@live.com,Male,96.175.64.39
701,Arvy,O'Kynsillaghe,aokynsillaghejg@delicious.com,Male,211.90.113.87
702,Cordie,Hiley,chileyjh@google.it,Male,157.71.198.93
703,Granny,Carlo,gcarloji@paginegialle.it,Male,92.41.10.18
704,Franky,Gingel,fgingeljj@google.com,Female,199.4.208.54
705,Towney,Pinn,tpinnjk@buzzfeed.com,Male,98.98.244.43
706,Robbert,Ruck,rruckjl@state.tx.us,Male,62.102.250.65
707,Pancho,Iscowitz,piscowitzjm@ted.com,Male,153.17.6.175
708,Sam,Cottesford,scottesfordjn@cnet.com,Female,145.209.188.189
709,Kamila,Bodley,kbodleyjo@mit.edu,Female,19.216.66.80
710,Bendite,Thormann,bthormannjp@eventbrite.com,Female,58.31.234.154
711,Marion,Saywood,msaywoodjq@theatlantic.com,Male,60.46.156.135
712,Papagena,Gotthard.sf,pgotthardsfjr@unesco.org,Female,141.63.69.95
713,Constanta,Chamberlain,cchamberlainjs@chicagotribune.com,Female,143.191.3.101
714,Carmel,Haensel,chaenseljt@ftc.gov,Female,18.135.90.18
715,Neddy,Giamuzzo,ngiamuzzoju@w3.org,Male,174.169.175.185
716,Sandro,Nisard,snisardjv@sciencedirect.com,Male,136.125.101.228
717,Sylvan,Hassan,shassanjw@msn.com,Male,198.208.93.206
718,Bendix,Gallehawk,bgallehawkjx@slashdot.org,Male,97.221.110.192
719,Burlie,Buncom,bbuncomjy@admin.ch,Male,211.197.239.169
720,Jilleen,O'Cuddie,jocuddiejz@infoseek.co.jp,Female,168.33.219.72
721,Juditha,Jaan,jjaank0@ucsd.edu,Female,115.221.219.106
722,Nadia,Fisk,nfiskk1@google.co.uk,Female,33.208.191.89
723,Athene,Dumper,adumperk2@wikipedia.org,Female,6.217.90.215
724,Meggie,Eastman,meastmank3@1und1.de,Female,97.82.133.254
725,Shaina,McColm,smccolmk4@dropbox.com,Female,247.32.3.234
726,Lee,Winchcum,lwinchcumk5@vkontakte.ru,Male,131.167.210.25
727,Marie,Kellie,mkelliek6@microsoft.com,Female,174.150.9.244
728,Timofei,Matchell,tmatchellk7@dion.ne.jp,Male,66.231.105.253
729,Florella,LeEstut,fleestutk8@hao123.com,Female,176.215.90.253
730,Horton,Pinchback,hpinchbackk9@ted.com,Agender,40.71.169.69
731,Luther,Setterthwait,lsetterthwaitka@ed.gov,Male,132.183.162.58
732,Rockie,Barnfather,rbarnfatherkb@amazon.com,Male,161.234.246.70
733,Julee,Broomfield,jbroomfieldkc@odnoklassniki.ru,Female,31.24.221.241
734,Elsey,Passler,epasslerkd@dmoz.org,Female,158.100.92.210
735,Lyman,Sawers,lsawerske@japanpost.jp,Male,193.121.158.6
736,Xylina,Joderli,xjoderlikf@independent.co.uk,Female,118.99.55.219
737,Annabelle,Creebo,acreebokg@opensource.org,Female,191.107.179.62
738,Barby,Vassall,bvassallkh@youtube.com,Female,7.127.137.178
739,Eduino,Wrintmore,ewrintmoreki@github.io,Male,206.81.202.36
740,Tana,Hollerin,thollerinkj@altervista.org,Female,71.170.119.16
741,Cully,Gheraldi,cgheraldikk@cmu.edu,Male,175.89.217.137
742,Cybil,Killich,ckillichkl@google.ru,Female,215.116.135.4
743,Alex,Mynett,amynettkm@microsoft.com,Male,183.245.113.53
744,Hastings,Sumpner,hsumpnerkn@123-reg.co.uk,Male,85.5.55.62
745,Nita,Mattson,nmattsonko@nifty.com,Female,137.73.139.56
746,Rebeca,Janzen,rjanzenkp@twitter.com,Female,150.75.155.211
747,Madalena,Reichhardt,mreichhardtkq@photobucket.com,Female,209.230.84.55
748,Francine,Regenhardt,fregenhardtkr@mysql.com,Female,18.116.18.167
749,Banky,Wimpenny,bwimpennyks@google.ca,Genderfluid,236.207.155.14
750,Emilie,Sterrick,esterrickkt@fc2.com,Female,228.71.44.185
751,Noam,Full,nfullku@webeden.co.uk,Male,168.225.243.204
752,Ricardo,Jeffery,rjefferykv@so-net.ne.jp,Male,128.57.55.201
753,Ferguson,Normandale,fnormandalekw@histats.com,Male,2.240.35.229
754,Dode,Toon,dtoonkx@answers.com,Female,201.134.112.76
755,Timothee,Houson,thousonky@shinystat.com,Male,142.106.48.185
756,Kelila,Ilett,kilettkz@mayoclinic.com,Female,2.224.203.74
757,Othello,Fountian,ofountianl0@bluehost.com,Male,211.2.126.195
758,Lyssa,Mussett,lmussettl1@last.fm,Female,26.178.197.50
759,Charo,Ilive,cilivel2@vkontakte.ru,Female,70.176.158.184
760,Jody,Nono,jnonol3@wikipedia.org,Male,167.14.91.191
761,Allison,Pead,apeadl4@cbsnews.com,Female,182.82.58.175
762,Cassey,Ilyin,cilyinl5@craigslist.org,Female,188.246.95.121
763,Holly-anne,Prewer,hprewerl6@aol.com,Female,244.88.18.179
764,Rorie,Eves,revesl7@shareasale.com,Genderqueer,8.83.30.237
765,Rolf,Adney,radneyl8@google.co.uk,Agender,184.239.226.195
766,Jo,Savil,jsavill9@etsy.com,Male,10.27.4.66
767,Rodge,Orehead,roreheadla@ezinearticles.com,Genderqueer,45.65.93.44
768,Jeremias,Measor,jmeasorlb@over-blog.com,Male,47.130.107.83
769,Corby,Bonifas,cbonifaslc@cbsnews.com,Male,85.91.43.248
770,Wade,McGonagle,wmcgonagleld@lycos.com,Male,62.156.13.12
771,Alvan,Jesty,ajestyle@va.gov,Male,246.40.231.202
772,Bronnie,Casella,bcasellalf@dell.com,Male,109.173.241.103
773,Eberto,Windross,ewindrosslg@multiply.com,Male,80.181.53.209
774,Dory,Iggo,diggolh@stumbleupon.com,Female,190.186.109.124
775,Murray,Clamo,mclamoli@free.fr,Male,146.149.60.174
776,Aviva,Gilchriest,agilchriestlj@mtv.com,Female,176.169.51.118
777,Mureil,Oag,moaglk@surveymonkey.com,Female,49.223.15.69
778,Trstram,Antham,tanthamll@umn.edu,Male,249.150.62.11
779,Billie,Manchester,bmanchesterlm@ca.gov,Female,116.49.236.151
780,Hallsy,Troop,htroopln@bbc.co.uk,Male,62.195.89.21
781,Gerti,Tertre,gtertrelo@ted.com,Female,150.89.115.238
782,Tiffie,Drust,tdrustlp@google.ru,Female,91.102.59.177
783,Emili,Fumagall,efumagalllq@yellowpages.com,Female,255.117.244.145
784,Rebecka,Conti,rcontilr@myspace.com,Female,15.75.224.208
785,Chip,Drinnan,cdrinnanls@example.com,Male,10.148.33.237
786,Brittne,Siveter,bsiveterlt@go.com,Female,66.222.23.145
787,Maurits,Bowart,mbowartlu@wufoo.com,Male,77.199.195.183
788,Urban,Mather,umatherlv@dedecms.com,Male,105.250.78.184
789,Abey,Walkingshaw,awalkingshawlw@prlog.org,Male,69.247.113.88
790,Freedman,Cromblehome,fcromblehomelx@vinaora.com,Male,94.71.68.235
791,Sandor,Pennings,spenningsly@about.com,Male,162.19.219.17
792,Leonardo,Norbury,lnorburylz@nature.com,Male,38.224.3.40
793,Stormie,Pauel,spauelm0@surveymonkey.com,Female,80.77.62.49
794,Sharron,Sabbins,ssabbinsm1@miibeian.gov.cn,Female,53.155.78.238
795,Chancey,Hodgets,chodgetsm2@cnn.com,Male,107.191.233.199
796,Shermie,Currell,scurrellm3@hostgator.com,Male,192.96.161.38
797,Nollie,Gosz,ngoszm4@uol.com.br,Female,109.174.62.235
798,Teodoro,Smaile,tsmailem5@wired.com,Male,44.134.48.24
799,Eadmund,Bocking,ebockingm6@europa.eu,Male,192.150.107.76
800,Merilee,Grzegorek,mgrzegorekm7@homestead.com,Female,10.20.30.50
801,Antonietta,Francillo,afrancillom8@noaa.gov,Female,152.31.108.129
802,Atlanta,Nanuccioi,ananuccioim9@joomla.org,Female,41.36.13.168
803,Robbyn,Cellone,rcellonema@yahoo.co.jp,Female,239.24.4.87
804,Avril,Anneslie,aannesliemb@infoseek.co.jp,Female,25.73.112.223
805,Ronda,Kubczak,rkubczakmc@livejournal.com,Female,43.72.141.130
806,Stefan,Phette,sphettemd@shinystat.com,Male,8.125.45.111
807,Cooper,Duckett,cduckettme@irs.gov,Male,112.124.100.243
808,Reuven,MacDaid,rmacdaidmf@friendfeed.com,Male,88.132.162.74
809,Gerrard,Coat,gcoatmg@omniture.com,Male,76.179.177.204
810,Ninette,Scholling,nschollingmh@nyu.edu,Female,20.101.205.18
811,Josiah,Kyston,jkystonmi@wsj.com,Male,34.95.116.184
812,Di,Jacquemet,djacquemetmj@spiegel.de,Female,211.177.214.199
813,Gerome,Chaplyn,gchaplynmk@theglobeandmail.com,Male,82.95.48.140
814,Jamie,Gatteridge,jgatteridgeml@icio.us,Male,175.120.48.91
815,Conrado,Ware,cwaremm@washingtonpost.com,Male,79.39.8.58
816,Renell,Castilla,rcastillamn@163.com,Female,36.167.15.31
817,Hillie,Lipson,hlipsonmo@tinyurl.com,Male,142.193.138.16
818,Miran,Folkes,mfolkesmp@gizmodo.com,Female,57.28.170.186
819,Clare,Schaumann,cschaumannmq@topsy.com,Polygender,65.128.156.177
820,Margalit,Ozelton,mozeltonmr@altervista.org,Female,101.65.245.150
821,Stephenie,Vaughan-Hughes,svaughanhughesms@hibu.com,Female,2.94.67.193
822,Florella,Hessentaler,fhessentalermt@imdb.com,Female,201.146.45.7
823,Lucienne,Ribey,lribeymu@independent.co.uk,Female,190.15.185.122
824,Celle,Thinn,cthinnmv@apache.org,Female,235.37.157.144
825,Rickey,Wager,rwagermw@plala.or.jp,Male,110.186.81.69
826,Tatiana,Simakov,tsimakovmx@berkeley.edu,Female,136.211.146.49
827,Carver,Edser,cedsermy@diigo.com,Male,232.181.172.77
828,Jorge,Fonso,jfonsomz@last.fm,Male,51.235.11.148
829,Teresita,Drysdale,tdrysdalen0@nba.com,Female,35.139.130.200
830,Lanae,Brabant,lbrabantn1@wikimedia.org,Female,243.11.218.225
831,Carlina,Temperley,ctemperleyn2@umich.edu,Female,147.81.113.220
832,Corena,Poor,cpoorn3@apache.org,Non-binary,62.91.255.70
833,Lindy,Soutar,lsoutarn4@wiley.com,Male,229.177.188.134
834,Casper,Tatem,ctatemn5@webeden.co.uk,Male,207.25.83.213
835,Maren,Rowntree,mrowntreen6@printfriendly.com,Female,190.35.168.124
836,Quintus,Moon,qmoonn7@barnesandnoble.com,Polygender,244.79.118.8
837,Freda,Cockrem,fcockremn8@github.io,Female,131.63.153.147
838,Felic,Bonnesen,fbonnesenn9@prweb.com,Male,90.146.19.87
839,Hirsch,Kemell,hkemellna@youtube.com,Male,220.45.93.70
840,Emmie,Turrell,eturrellnb@washingtonpost.com,Female,2.223.6.40
841,Mamie,Albon,malbonnc@blogspot.com,Female,197.157.40.60
842,Bondy,Meynell,bmeynellnd@quantcast.com,Male,42.7.160.71
843,Rozalin,Arlett,rarlettne@google.pl,Polygender,243.175.60.26
844,Marina,Eggers,meggersnf@newyorker.com,Female,104.98.37.163
845,Morty,Duell,mduellng@storify.com,Male,3.244.75.67
846,Milka,Lefley,mlefleynh@live.com,Female,243.32.131.100
847,Anna-diane,Brommage,abrommageni@mlb.com,Female,39.17.50.93
848,Adolf,Brooke,abrookenj@weibo.com,Male,123.143.52.188
849,Lowrance,Rickaby,lrickabynk@msu.edu,Male,13.176.109.114
850,Brena,Buessen,bbuessennl@nih.gov,Female,16.244.163.170
851,Giustina,Gumey,ggumeynm@live.com,Female,75.162.189.146
852,Jethro,Kelshaw,jkelshawnn@ucoz.com,Male,43.15.87.226
853,Griswold,Knyvett,gknyvettno@ibm.com,Male,209.171.11.40
854,Roth,Olford,rolfordnp@buzzfeed.com,Male,62.160.145.118
855,Archaimbaud,Enochsson,aenochssonnq@studiopress.com,Male,203.49.237.98
856,Brigida,Azam,bazamnr@eventbrite.com,Female,65.247.56.123
857,Emiline,Dri,edrins@upenn.edu,Female,62.221.249.63
858,Gray,Calderon,gcalderonnt@jimdo.com,Genderfluid,26.123.8.158
859,Tommi,Jumont,tjumontnu@alexa.com,Agender,187.247.32.252
860,Ranna,Salvati,rsalvatinv@gov.uk,Female,223.118.111.40
861,Nissie,Olivie,nolivienw@wikispaces.com,Female,134.213.134.81
862,Ellynn,Luggar,eluggarnx@amazon.de,Female,101.140.101.48
863,Dorine,Mushawe,dmushaweny@godaddy.com,Female,104.16.116.18
864,Barbabas,Frusher,bfrushernz@clickbank.net,Male,102.4.203.146
865,Albina,Howard,ahowardo0@blog.com,Female,57.134.156.52
866,Viviyan,Duell,vduello1@cdc.gov,Female,49.101.121.167
867,Gayle,Bigland,gbiglando2@aboutads.info,Female,169.155.18.219
868,Haven,Wapol,hwapolo3@geocities.com,Genderqueer,27.205.185.60
869,Bevon,Farge,bfargeo4@naver.com,Bigender,177.247.127.203
870,Archy,Crebo,acreboo5@ca.gov,Bigender,129.105.156.254
871,Sonnnie,Demanche,sdemancheo6@deliciousdays.com,Female,193.246.67.32
872,Saba,Breeds,sbreedso7@mashable.com,Female,237.171.76.156
873,Korney,Gorsse,kgorsseo8@g.co,Female,7.172.205.187
874,Farlie,Deakins,fdeakinso9@netscape.com,Male,137.111.27.79
875,Zulema,Mackilpatrick,zmackilpatrickoa@netlog.com,Female,45.67.86.250
876,Clerissa,Knill,cknillob@qq.com,Female,241.27.79.234
877,Rosemary,Keetley,rkeetleyoc@naver.com,Polygender,67.10.138.42
878,Cori,Liley,clileyod@kickstarter.com,Female,217.35.119.185
879,Tiphani,Tabor,ttaboroe@123-reg.co.uk,Female,136.46.217.189
880,Dov,Stanfield,dstanfieldof@printfriendly.com,Genderfluid,146.233.95.143
881,Avrom,Halkyard,ahalkyardog@google.nl,Male,85.169.53.60
882,Pace,Freeborn,pfreebornoh@privacy.gov.au,Male,240.183.140.125
883,Morry,Briskey,mbriskeyoi@wikia.com,Male,180.212.3.24
884,Douglass,Pickthorne,dpickthorneoj@dagondesign.com,Male,109.175.47.19
885,Roseanna,Gillani,rgillaniok@vkontakte.ru,Female,78.75.162.61
886,Dale,Heiton,dheitonol@slashdot.org,Female,23.34.221.72
887,Amalia,Deighton,adeightonom@bloomberg.com,Female,158.166.38.58
888,Dante,Manuel,dmanuelon@latimes.com,Genderfluid,60.84.137.66
889,Gawen,Collimore,gcollimoreoo@altervista.org,Male,9.193.147.130
890,Christalle,Wiper,cwiperop@globo.com,Female,158.160.14.38
891,Forbes,Trussell,ftrusselloq@scientificamerican.com,Male,64.132.240.234
892,Ikey,Franckton,ifrancktonor@wikipedia.org,Male,84.67.184.152
893,Guendolen,Gehrts,ggehrtsos@cloudflare.com,Female,173.104.169.84
894,Trudy,Lorkings,tlorkingsot@amazonaws.com,Female,134.119.177.16
895,Worden,Lewsey,wlewseyou@hugedomains.com,Male,243.195.75.90
896,Pattie,Drysdall,pdrysdallov@pcworld.com,Male,4.178.29.127
897,Berget,Kenwyn,bkenwynow@techcrunch.com,Female,104.160.115.94
898,Remy,Harradence,rharradenceox@tripadvisor.com,Bigender,23.103.161.137
899,Bren,Grist,bgristoy@photobucket.com,Female,133.156.252.214
900,Debbie,Berntssen,dberntssenoz@phpbb.com,Female,128.181.234.55
901,Kayne,Bouzan,kbouzanp0@dion.ne.jp,Male,51.43.117.252
902,Genia,Nowakowski,gnowakowskip1@who.int,Female,179.44.174.227
903,Brandie,Lamacraft,blamacraftp2@quantcast.com,Female,5.115.26.11
904,Frederic,Bremley,fbremleyp3@nhs.uk,Male,217.34.28.73
905,Dianna,Perassi,dperassip4@auda.org.au,Female,112.18.121.67
906,Missie,Vardie,mvardiep5@ucoz.ru,Female,27.82.10.248
907,Balduin,Kopec,bkopecp6@bloomberg.com,Male,161.150.246.31
908,Arlee,Brailey,abraileyp7@spiegel.de,Female,59.158.214.255
909,Ike,Jandera,ijanderap8@sciencedaily.com,Male,113.161.130.125
910,Deina,Killich,dkillichp9@tiny.cc,Female,165.11.10.244
911,Salomi,McPike,smcpikepa@wp.com,Female,126.226.55.16
912,Moises,Tipper,mtipperpb@netlog.com,Male,4.25.119.231
913,Liane,Jeckell,ljeckellpc@sfgate.com,Female,84.196.198.18
914,Norman,Beaston,nbeastonpd@ocn.ne.jp,Genderqueer,78.125.116.252
915,Joelie,Hannum,jhannumpe@ustream.tv,Female,244.84.230.135
916,Parry,MacDermott,pmacdermottpf@about.me,Male,252.234.157.123
917,Dareen,Swiffan,dswiffanpg@psu.edu,Female,94.206.212.194
918,Karon,Greenstead,kgreensteadph@sbwire.com,Female,62.119.189.192
919,Emyle,Dursley,edursleypi@sun.com,Female,104.99.238.246
920,Hubert,Odhams,hodhamspj@scientificamerican.com,Male,184.172.67.239
921,Ardyce,Norrington,anorringtonpk@shop-pro.jp,Bigender,133.151.215.7
922,Farlay,Banisch,fbanischpl@mashable.com,Male,219.44.105.164
923,Garald,Phillips,gphillipspm@cdbaby.com,Male,211.178.158.243
924,Linda,Mariette,lmariettepn@tripod.com,Female,241.219.48.248
925,Wolf,Drillingcourt,wdrillingcourtpo@digg.com,Male,68.216.247.72
926,Gardie,Thaine,gthainepp@surveymonkey.com,Male,104.240.107.193
927,Madel,Barthrop,mbarthroppq@techcrunch.com,Female,187.212.235.230
928,Elga,Feechum,efeechumpr@nationalgeographic.com,Female,15.76.153.242
929,Launce,Wyman,lwymanps@mediafire.com,Male,52.42.26.99
930,Ferdie,Tremelling,ftremellingpt@elegantthemes.com,Male,170.104.124.216
931,Dagmar,Currom,dcurrompu@nbcnews.com,Female,129.77.10.82
932,Jack,Pirdy,jpirdypv@chicagotribune.com,Male,116.220.185.123
933,Robb,Rooper,rrooperpw@cyberchimps.com,Male,17.60.97.161
934,Yettie,Brailsford,ybrailsfordpx@latimes.com,Female,72.11.30.31
935,Neda,Marval,nmarvalpy@nydailynews.com,Female,68.99.207.117
936,Isadore,Antunez,iantunezpz@comcast.net,Genderfluid,142.131.18.13
937,Worden,Demangeon,wdemangeonq0@barnesandnoble.com,Male,12.225.201.82
938,Monroe,Gartenfeld,mgartenfeldq1@who.int,Male,129.151.48.87
939,Rafferty,Frears,rfrearsq2@bluehost.com,Male,191.109.186.220
940,Tabbitha,Lazer,tlazerq3@china.com.cn,Female,223.255.144.145
941,Birdie,Dorsett,bdorsettq4@weather.com,Female,250.30.240.90
942,Dominick,Gibbeson,dgibbesonq5@ucoz.ru,Male,215.225.125.250
943,Kristoffer,Plaunch,kplaunchq6@e-recht24.de,Male,176.138.102.217
944,Gusella,Krugmann,gkrugmannq7@123-reg.co.uk,Female,177.87.142.186
945,Pebrook,Copson,pcopsonq8@seattletimes.com,Male,102.75.230.60
946,Engracia,Carlone,ecarloneq9@china.com.cn,Female,183.143.105.182
947,Sibelle,Dooly,sdoolyqa@adobe.com,Female,191.245.201.21
948,Genia,Dullaghan,gdullaghanqb@wordpress.com,Female,34.69.19.49
949,Aile,d' Eye,adeyeqc@rediff.com,Female,103.253.167.169
950,Natal,Stayt,nstaytqd@reuters.com,Male,182.49.20.243
951,Lucais,Branchet,lbranchetqe@seesaa.net,Male,170.73.79.4
952,Dale,Spyby,dspybyqf@state.tx.us,Male,196.228.52.98
953,Neddie,Baunton,nbauntonqg@dell.com,Male,64.156.216.73
954,Garrett,Matt,gmattqh@naver.com,Male,72.127.243.173
955,Killy,Pavlov,kpavlovqi@qq.com,Male,52.63.13.186
956,Kesley,Stovold,kstovoldqj@woothemes.com,Female,174.180.182.238
957,Tiff,Wafer,twaferqk@geocities.com,Female,208.243.94.227
958,Jaymie,Kilcullen,jkilcullenql@miibeian.gov.cn,Male,61.118.206.208
959,Bradford,Westmerland,bwestmerlandqm@time.com,Male,11.193.217.234
960,Leroi,Gritland,lgritlandqn@dyndns.org,Male,198.236.20.19
961,Jobie,Wield,jwieldqo@aol.com,Genderqueer,66.172.222.48
962,Maynord,Blaksland,mblakslandqp@i2i.jp,Male,153.66.5.138
963,Worthington,Goodyer,wgoodyerqq@usatoday.com,Non-binary,176.233.57.191
964,Salvatore,Elsby,selsbyqr@yahoo.co.jp,Male,65.0.217.48
965,Adan,Schusterl,aschusterlqs@youtube.com,Female,91.62.145.103
966,Gussi,Lello,glelloqt@tuttocitta.it,Bigender,152.137.44.40
967,Renelle,Dominguez,rdominguezqu@indiegogo.com,Female,11.154.25.76
968,Anjela,Hasson,ahassonqv@prlog.org,Female,65.125.55.85
969,Lena,Heliar,lheliarqw@globo.com,Female,91.173.36.197
970,Juanita,Cathee,jcatheeqx@unesco.org,Female,28.30.20.185
971,Ingrim,Cawkill,icawkillqy@examiner.com,Male,9.214.112.238
972,Emmy,Goodricke,egoodrickeqz@i2i.jp,Male,166.131.29.50
973,Lorant,Petrovsky,lpetrovskyr0@wikimedia.org,Male,105.62.118.35
974,Jennee,Jandera,jjanderar1@163.com,Female,241.78.240.136
975,Silvan,Stuke,sstuker2@google.it,Male,111.1.251.128
976,Amalita,Iglesia,aiglesiar3@abc.net.au,Female,80.109.156.245
977,Kahlil,Sandars,ksandarsr4@answers.com,Male,255.16.16.107
978,Thadeus,Bemlott,tbemlottr5@g.co,Male,42.174.65.184
979,Jemimah,Sabban,jsabbanr6@over-blog.com,Female,140.110.207.139
980,Reidar,Santry,rsantryr7@tinypic.com,Male,88.189.225.207
981,Araldo,todor,atodorr8@who.int,Polygender,202.25.80.140
982,Gilles,Hazeldene,ghazeldener9@e-recht24.de,Male,197.25.145.79
983,Ambrosi,Widdows,awiddowsra@webmd.com,Male,133.182.241.94
984,Codee,Wissby,cwissbyrb@illinois.edu,Female,170.24.213.3
985,Neron,Spittall,nspittallrc@cargocollective.com,Male,151.233.155.226
986,Shara,Durgan,sdurganrd@sourceforge.net,Female,227.9.88.100
987,Perry,Forsyth,pforsythre@flavors.me,Male,147.218.146.209
988,Marris,Jacqueme,mjacquemerf@shareasale.com,Female,215.45.119.80
989,Karon,Daymont,kdaymontrg@goo.gl,Female,157.199.244.45
990,Harley,Rustich,hrustichrh@imageshack.us,Female,248.143.210.140
991,Jennine,Dooher,jdooherri@cyberchimps.com,Female,73.48.192.216
992,Emmery,Orrey,eorreyrj@dyndns.org,Male,76.194.33.141
993,Shayne,Caser,scaserrk@networksolutions.com,Male,92.82.101.247
994,Erena,Kubat,ekubatrl@tumblr.com,Female,183.237.219.24
995,Lyman,Didball,ldidballrm@about.com,Male,136.230.63.136
996,Reidar,Isitt,risittrn@mail.ru,Male,191.1.115.125
997,Raphael,Clausewitz,rclausewitzro@bizjournals.com,Male,223.11.35.44
998,Rob,Petett,rpetettrp@home.pl,Male,116.255.254.23
999,Ranee,Nanninini,rnannininirq@sphinn.com,Female,203.146.168.222
1000,Lorrie,Keene,lkeenerr@tamu.edu,Male,144.172.231.103
